[{
  "sexName": "男",
  "name": "david0",
  "id": 1,
  "account": "admin0"
}, {
  "sexName": "男",
  "name": "david1",
  "id": 1,
  "account": "admin1"
}, {
  "sexName": "男",
  "name": "david2",
  "id": 1,
  "account": "admin2"
}, {
  "sexName": "男",
  "name": "david3",
  "id": 1,
  "account": "admin3"
}, {
  "sexName": "男",
  "name": "david4",
  "id": 1,
  "account": "admin4"
}, {
  "sexName": "男",
  "name": "david5",
  "id": 1,
  "account": "admin5"
}, {
  "sexName": "男",
  "name": "david6",
  "id": 1,
  "account": "admin6"
}, {
  "sexName": "男",
  "name": "david7",
  "id": 1,
  "account": "admin7"
}, {
  "sexName": "男",
  "name": "david8",
  "id": 1,
  "account": "admin8"
}, {
  "sexName": "男",
  "name": "david9",
  "id": 1,
  "account": "admin9"
}, {
  "sexName": "男",
  "name": "david10",
  "id": 1,
  "account": "admin10"
}, {
  "sexName": "男",
  "name": "david11",
  "id": 1,
  "account": "admin11"
}, {
  "sexName": "男",
  "name": "david12",
  "id": 1,
  "account": "admin12"
}, {
  "sexName": "男",
  "name": "david13",
  "id": 1,
  "account": "admin13"
}, {
  "sexName": "男",
  "name": "david14",
  "id": 1,
  "account": "admin14"
}, {
  "sexName": "男",
  "name": "david15",
  "id": 1,
  "account": "admin15"
}, {
  "sexName": "男",
  "name": "david16",
  "id": 1,
  "account": "admin16"
}, {
  "sexName": "男",
  "name": "david17",
  "id": 1,
  "account": "admin17"
}, {
  "sexName": "男",
  "name": "david18",
  "id": 1,
  "account": "admin18"
}, {
  "sexName": "男",
  "name": "david19",
  "id": 1,
  "account": "admin19"
}, {
  "sexName": "男",
  "name": "david20",
  "id": 1,
  "account": "admin20"
}, {
  "sexName": "男",
  "name": "david21",
  "id": 1,
  "account": "admin21"
}, {
  "sexName": "男",
  "name": "david22",
  "id": 1,
  "account": "admin22"
}, {
  "sexName": "男",
  "name": "david23",
  "id": 1,
  "account": "admin23"
}, {
  "sexName": "男",
  "name": "david24",
  "id": 1,
  "account": "admin24"
}, {
  "sexName": "男",
  "name": "david25",
  "id": 1,
  "account": "admin25"
}, {
  "sexName": "男",
  "name": "david26",
  "id": 1,
  "account": "admin26"
}, {
  "sexName": "男",
  "name": "david27",
  "id": 1,
  "account": "admin27"
}, {
  "sexName": "男",
  "name": "david28",
  "id": 1,
  "account": "admin28"
}, {
  "sexName": "男",
  "name": "david29",
  "id": 1,
  "account": "admin29"
}, {
  "sexName": "男",
  "name": "david30",
  "id": 1,
  "account": "admin30"
}, {
  "sexName": "男",
  "name": "david31",
  "id": 1,
  "account": "admin31"
}, {
  "sexName": "男",
  "name": "david32",
  "id": 1,
  "account": "admin32"
}, {
  "sexName": "男",
  "name": "david33",
  "id": 1,
  "account": "admin33"
}, {
  "sexName": "男",
  "name": "david34",
  "id": 1,
  "account": "admin34"
}, {
  "sexName": "男",
  "name": "david35",
  "id": 1,
  "account": "admin35"
}, {
  "sexName": "男",
  "name": "david36",
  "id": 1,
  "account": "admin36"
}, {
  "sexName": "男",
  "name": "david37",
  "id": 1,
  "account": "admin37"
}, {
  "sexName": "男",
  "name": "david38",
  "id": 1,
  "account": "admin38"
}, {
  "sexName": "男",
  "name": "david39",
  "id": 1,
  "account": "admin39"
}]